lang,component,structure,n_books,metric,mean,stddev,min,max,ci_low,ci_high,iterations,unit
python,datalake,book,100,dirs_count,102,0,102,102,,,1,count
python,datalake,book,250,dirs_count,252,0,252,252,,,1,count
python,datalake,book,500,dirs_count,502,0,502,502,,,1,count
python,datalake,book,1000,dirs_count,1002,0,1002,1002,,,1,count
python,datalake,range,100,dirs_count,3,0,3,3,,,1,count
python,datalake,range,250,dirs_count,3,0,3,3,,,1,count
python,datalake,range,500,dirs_count,3,0,3,3,,,1,count
python,datalake,range,1000,dirs_count,4,0,4,4,,,1,count
python,datalake,time,100,dirs_count,4,0,4,4,,,1,count
python,datalake,time,250,dirs_count,4,0,4,4,,,1,count
python,datalake,time,500,dirs_count,4,0,4,4,,,1,count
python,datalake,time,1000,dirs_count,4,0,4,4,,,1,count
python,datalake,book,50,download_throughput,0.544,0.003,0.539,0.548,,,5,books/s
python,datalake,book,100,files_count,201,0,201,201,,,1,count
python,datalake,book,250,files_count,501,0,501,501,,,1,count
python,datalake,book,500,files_count,1001,0,1001,1001,,,1,count
python,datalake,book,1000,files_count,2001,0,2001,2001,,,1,count
python,datalake,range,100,files_count,201,0,201,201,,,1,count
python,datalake,range,250,files_count,501,0,501,501,,,1,count
python,datalake,range,500,files_count,1001,0,1001,1001,,,1,count
python,datalake,range,1000,files_count,2001,0,2001,2001,,,1,count
python,datalake,time,100,files_count,202,0,202,202,,,1,count
python,datalake,time,250,files_count,502,0,502,502,,,1,count
python,datalake,time,500,files_count,1002,0,1002,1002,,,1,count
python,datalake,time,1000,files_count,2002,0,2002,2002,,,1,count
python,datalake,book,100,incremental_detect_time,6.312,0.239,6.016,6.76,,,10,ms
python,datalake,book,250,incremental_detect_time,13.283,0.507,12.438,14.214,,,10,ms
python,datalake,book,500,incremental_detect_time,25.046,0.536,24.467,25.945,,,10,ms
python,datalake,book,1000,incremental_detect_time,46.084,0.197,45.801,46.438,,,10,ms
python,datalake,range,100,incremental_detect_time,6.967,0.271,6.401,7.35,,,10,ms
python,datalake,range,250,incremental_detect_time,13.83,0.451,13.168,14.573,,,10,ms
python,datalake,range,500,incremental_detect_time,25.699,0.631,24.509,26.38,,,10,ms
python,datalake,range,1000,incremental_detect_time,48.327,0.633,47.682,49.782,,,10,ms
python,datalake,time,100,incremental_detect_time,6.407,0.234,6.187,7,,,10,ms
python,datalake,time,250,incremental_detect_time,13.111,0.322,12.615,13.698,,,10,ms
python,datalake,time,500,incremental_detect_time,24.237,0.436,23.488,24.914,,,10,ms
python,datalake,time,1000,incremental_detect_time,46.765,0.811,45.742,48.208,,,10,ms
python,datalake,book,100,lookup_time,39.492,1.111,37.596,40.89,,,10,us
python,datalake,book,250,lookup_time,40.607,1.713,39.054,44.546,,,10,us
python,datalake,book,500,lookup_time,39.6,0.8,38.615,40.845,,,10,us
python,datalake,book,1000,lookup_time,40.929,4.081,38.773,52.321,,,10,us
python,datalake,range,100,lookup_time,41.897,5.037,38.699,55.65,,,10,us
python,datalake,range,250,lookup_time,40.168,1.285,38.084,42.48,,,10,us
python,datalake,range,500,lookup_time,42.333,2.834,39.131,48.324,,,10,us
python,datalake,range,1000,lookup_time,43.569,3.274,39.667,50.645,,,10,us
python,datalake,time,100,lookup_time,40.514,1.344,39.474,43.807,,,10,us
python,datalake,time,250,lookup_time,46.491,2.627,43.194,52.043,,,10,us
python,datalake,time,500,lookup_time,45.043,3.738,41.682,53.808,,,10,us
python,datalake,time,1000,lookup_time,43.76,1.706,40.936,46.131,,,10,us
python,datalake,book,100,recovery_ok,1,0,1,1,,,5,bool
python,datalake,book,250,recovery_ok,1,0,1,1,,,5,bool
python,datalake,book,500,recovery_ok,1,0,1,1,,,5,bool
python,datalake,book,1000,recovery_ok,1,0,1,1,,,5,bool
python,datalake,range,100,recovery_ok,1,0,1,1,,,5,bool
python,datalake,range,250,recovery_ok,1,0,1,1,,,5,bool
python,datalake,range,500,recovery_ok,1,0,1,1,,,5,bool
python,datalake,range,1000,recovery_ok,1,0,1,1,,,5,bool
python,datalake,time,100,recovery_ok,1,0,1,1,,,5,bool
python,datalake,time,250,recovery_ok,1,0,1,1,,,5,bool
python,datalake,time,500,recovery_ok,1,0,1,1,,,5,bool
python,datalake,time,1000,recovery_ok,1,0,1,1,,,5,bool
python,datalake,book,100,write_throughput,288.111,9.45,265.951,297.663,,,10,books/s
python,datalake,book,250,write_throughput,318.873,3.801,312.949,324.229,,,10,books/s
python,datalake,book,500,write_throughput,362.804,4.429,355.118,368.23,,,10,books/s
python,datalake,book,1000,write_throughput,359.36,3.179,352.832,363.534,,,10,books/s
python,datalake,range,100,write_throughput,292.082,3.395,286.247,297.767,,,10,books/s
python,datalake,range,250,write_throughput,306.22,3.099,299.567,310.429,,,10,books/s
python,datalake,range,500,write_throughput,338.557,1.907,335.344,341.232,,,10,books/s
python,datalake,range,1000,write_throughput,336.262,3.676,331.014,340.936,,,10,books/s
python,datalake,time,100,write_throughput,277.423,3.005,272.21,281.372,,,10,books/s
python,datalake,time,250,write_throughput,284.277,4.785,278.711,294.908,,,10,books/s
python,datalake,time,500,write_throughput,313.84,2.53,310.162,318.494,,,10,books/s
python,datalake,time,1000,write_throughput,312.898,3.668,305.666,317.307,,,10,books/s
python,index,folders,100,disk_usage,1937429,0,1937429,1937429,,,3,bytes
python,index,folders,250,disk_usage,5769801,0,5769801,5769801,,,3,bytes
python,index,folders,500,disk_usage,11599677,0,11599677,11599677,,,3,bytes
python,index,folders,1000,disk_usage,25291125,0,25291125,25291125,,,3,bytes
python,index,json,100,disk_usage,3317205,0,3317205,3317205,,,5,bytes
python,index,json,250,disk_usage,8143150,0,8143150,8143150,,,5,bytes
python,index,json,500,disk_usage,14457473,0,14457473,14457473,,,5,bytes
python,index,json,1000,disk_usage,30120707,0,30120707,30120707,,,5,bytes
python,index,mongo,100,disk_usage,4568678.4,399791.422,4386816,5283840,,,5,bytes
python,index,mongo,250,disk_usage,11078041.6,37383.714,11014144,11104256,,,5,bytes
python,index,mongo,500,disk_usage,21459763.2,3426.959,21454848,21463040,,,5,bytes
python,index,mongo,1000,disk_usage,45989888,400874.748,45793280,46706688,,,5,bytes
python,index,folders,100,index_build_time,57308.289,409.381,56935.5,57746.406,,,3,ms
python,index,folders,250,index_build_time,99457.583,1153.729,98614.99,100772.534,,,3,ms
python,index,folders,500,index_build_time,122457.211,1615.199,120779.634,124001.811,,,3,ms
python,index,folders,1000,index_build_time,208988.273,851.214,208005.707,209501.67,,,3,ms
python,index,json,100,index_build_time,1711.567,14.04,1695.562,1741.369,,,10,ms
python,index,json,250,index_build_time,4031.652,48.967,3920.679,4095.704,,,10,ms
python,index,json,500,index_build_time,6909.949,38.677,6867.048,6969.35,,,10,ms
python,index,json,1000,index_build_time,14595.363,72.535,14484.841,14685.433,,,10,ms
python,index,mongo,100,index_build_time,5709.138,48.864,5631.428,5773.104,,,10,ms
python,index,mongo,250,index_build_time,10959.808,138.511,10730.856,11158.809,,,10,ms
python,index,mongo,500,index_build_time,15655.071,159.549,15364.027,15905.804,,,10,ms
python,index,mongo,1000,index_build_time,28659.632,174.413,28378.511,28933.846,,,10,ms
python,index,folders,100,peak_memory,120.738,1.58,119.801,122.562,,,3,MB
python,index,folders,250,peak_memory,151.69,0.538,151.07,152.035,,,3,MB
python,index,folders,500,peak_memory,151.964,0.059,151.926,152.031,,,3,MB
python,index,folders,1000,peak_memory,185.414,1.042,184.727,186.613,,,3,MB
python,index,json,100,peak_memory,120.905,1.485,119.652,122.609,,,5,MB
python,index,json,250,peak_memory,151.945,0.056,151.883,152.023,,,5,MB
python,index,json,500,peak_memory,201.533,1.026,200.75,202.672,,,5,MB
python,index,json,1000,peak_memory,353.949,1.373,352.469,355.309,,,5,MB
python,index,mongo,100,peak_memory,249.043,0.16,248.832,249.281,,,5,MB
python,index,mongo,250,peak_memory,391.077,0.589,390.359,391.93,,,5,MB
python,index,mongo,500,peak_memory,461.139,0.5,460.543,461.91,,,5,MB
python,index,mongo,1000,peak_memory,749.663,0.24,749.348,749.945,,,5,MB
python,index,folders,100,query_time,75.905,6.87,69.537,92.635,,,10,us
python,index,folders,250,query_time,84.297,5.45,80.895,98.727,,,10,us
python,index,folders,500,query_time,107.447,3.507,104.054,116.618,,,10,us
python,index,folders,1000,query_time,152.35,6.504,147.409,165.055,,,10,us
python,index,json,100,query_time,3.773,0.172,3.537,4.074,,,10,us
python,index,json,250,query_time,7.912,1.145,7.072,10.914,,,10,us
python,index,json,500,query_time,10.324,0.866,9.459,12.108,,,10,us
python,index,json,1000,query_time,37.519,1.823,34.727,40.443,,,10,us
python,index,mongo,100,query_time,254.651,10.302,240.736,272.881,,,10,us
python,index,mongo,250,query_time,258.784,17.471,229.908,295.015,,,10,us
python,index,mongo,500,query_time,268.363,7.562,256.603,277.037,,,10,us
python,index,mongo,1000,query_time,296.685,4.975,289.966,306.984,,,10,us
python,index,folders,100,update_time,140768.824,1448.85,139252.924,142139.718,,,3,ms
python,index,folders,250,update_time,146034,1862.288,144797.922,148175.916,,,3,ms
python,index,folders,500,update_time,220039.362,4186.589,215222.767,222805.202,,,3,ms
python,index,folders,1000,update_time,178822.402,1584.648,177812.439,180648.781,,,3,ms
python,index,json,100,update_time,1146.019,60.94,1031.807,1217.589,,,10,ms
python,index,json,250,update_time,1082.521,56.208,988.619,1156.5,,,10,ms
python,index,json,500,update_time,1746.099,31.497,1703.377,1789.309,,,10,ms
python,index,json,1000,update_time,2442.62,72.985,2314.363,2538.327,,,10,ms
python,index,mongo,100,update_time,3209,68.71,3143.908,3356.155,,,10,ms
python,index,mongo,250,update_time,2786.274,84.878,2649.987,2939.58,,,10,ms
python,index,mongo,500,update_time,4720.324,109.429,4501.675,4833.167,,,10,ms
python,index,mongo,1000,update_time,4557.244,139.256,4389.851,4761.458,,,10,ms
python,metadata,sqlite,100,metadata_insert_time,1.78,0.284,1.473,2.356,,,10,ms
python,metadata,sqlite,250,metadata_insert_time,2.188,0.361,1.904,2.857,,,10,ms
python,metadata,sqlite,500,metadata_insert_time,2.593,0.225,2.386,3.105,,,10,ms
python,metadata,sqlite,1000,metadata_insert_time,3.852,0.179,3.622,4.193,,,10,ms
python,metadata,sqlite,100,metadata_query_time_author,33.369,1.36,31.564,36.03,,,10,us
python,metadata,sqlite,250,metadata_query_time_author,33.715,1.304,31.826,36.065,,,10,us
python,metadata,sqlite,500,metadata_query_time_author,36.408,1.665,34.709,39.973,,,10,us
python,metadata,sqlite,1000,metadata_query_time_author,41.459,6.25,38.226,57.357,,,10,us
python,metadata,sqlite,100,metadata_query_time_id,29.35,2.399,27.422,33.965,,,10,us
python,metadata,sqlite,250,metadata_query_time_id,32.7,10.471,27.515,61.795,,,10,us
python,metadata,sqlite,500,metadata_query_time_id,30.724,4.92,27.538,43.81,,,10,us
python,metadata,sqlite,1000,metadata_query_time_id,30.97,2.696,28.098,36.806,,,10,us
